Fri Nov 04 13:10:57 +0000 2016,794527355247226880,Botnet #32,SYN flood,10,8.8.8.8/32,Not found.
Fri Nov 04 13:09:50 +0000 2016,794527074560184320,Botnet #32,UDP flood,10,8.8.8.8/32,Not found.
Fri Nov 04 13:06:16 +0000 2016,794526174877806592,Botnet #32,UDP flood,5,8.8.8.8/32,Not found.
Fri Nov 04 11:13:24 +0000 2016,794497773706117122,Botnet #32,UDP flood,600,72.247.181.176/32,Not found.
Fri Nov 04 11:05:54 +0000 2016,794495885824638976,Botnet #25,UDPPLAIN flood,30,109.207.46.25/32,Not found.
Fri Nov 04 11:05:34 +0000 2016,794495799434637312,Botnet #25,DNS flood,10,109.207.46.25/32,Not found.
Fri Nov 04 11:05:24 +0000 2016,794495756589797377,Botnet #25,UDP flood,10,109.207.46.25/32,Not found.
Fri Nov 04 11:05:11 +0000 2016,794495702579744769,Botnet #25,ACK flood,10,109.207.46.25/32,Not found.
Fri Nov 04 11:04:55 +0000 2016,794495635223441408,Botnet #25,GRE-ETH flood,10,109.207.46.25/32,Not found.
Fri Nov 04 10:59:28 +0000 2016,794494264365477888,Botnet #25,GRE-ETH flood,60,164.132.220.96/32,7777
Fri Nov 04 10:40:35 +0000 2016,794489513028517903,Botnet #49,SYN flood,15,36.248.12.64/32,Not found.
Fri Nov 04 10:40:24 +0000 2016,794489465133760513,Botnet #26,HTTP flood,3600,45.62.246.86/32,Not found.
Fri Nov 04 10:32:15 +0000 2016,794487417403277312,Botnet #26,HTTP flood,10,45.62.246.58/32,Not found.
Fri Nov 04 05:38:17 +0000 2016,794413437598175232,Botnet #31,HTTP flood,200,199.71.141.254/32,Not found.
Fri Nov 04 05:33:34 +0000 2016,794412249616175104,Botnet #31,SYN flood,10,199.71.141.254/32,Not found.
Fri Nov 04 05:23:09 +0000 2016,794409629971312640,Botnet #31,UDP flood,30,173.28.200.85/32,80
Fri Nov 04 05:17:04 +0000 2016,794408098609987585,Botnet #31,SYN flood,40,199.71.141.254/32,Not found.
Fri Nov 04 05:14:54 +0000 2016,794407551383138305,Botnet #31,SYN flood,100,104.25.101.115/32,Not found.
Fri Nov 04 05:02:08 +0000 2016,794404338278002690,Botnet #31,SYN flood,200,23.101.184.206/32,Not found.
Fri Nov 04 04:55:28 +0000 2016,794402663651741696,Botnet #31,SYN flood,300,199.71.141.254/32,Not found.
Fri Nov 04 04:52:54 +0000 2016,794402014126075904,Botnet #31,SYN flood,100,199.71.141.254/32,Not found.
Fri Nov 04 04:47:05 +0000 2016,794400551547113472,Botnet #31,SYN flood,300,74.111.37.38/32,Not found.
Fri Nov 04 04:43:05 +0000 2016,794399544628936704,Botnet #31,SYN flood,100,74.111.37.38/32,Not found.
Fri Nov 04 04:42:20 +0000 2016,794399356082384897,Botnet #31,SYN flood,15,74.111.37.38/32,Not found.
Fri Nov 04 02:13:43 +0000 2016,794361957117739012,Botnet #31,GRE-ETH flood,30,199.71.141.254/32,Not found.
Fri Nov 04 02:12:08 +0000 2016,794361557991981058,Botnet #31,STOMP flood,30,199.71.141.254/32,Not found.
Fri Nov 04 02:10:43 +0000 2016,794361201388044290,Botnet #31,STOMP flood,30,199.71.141.254/32,443
Fri Nov 04 02:07:14 +0000 2016,794360324585570308,Botnet #31,ACK flood,30,199.71.141.254/32,443
Thu Nov 03 22:54:18 +0000 2016,794311770735333377,Botnet #25,GRE-IP flood,30,178.220.1.163/32,Not found.
Thu Nov 03 21:03:47 +0000 2016,794283960524296196,Botnet #28,GRE-IP flood,30,"151.236.14.89/32
185.10.49.191/32
82.94.173.209/32",80
Thu Nov 03 21:03:12 +0000 2016,794283810384908288,Botnet #28,GRE-IP flood,30,"151.236.14.89/32
185.10.49.191/32",80
Thu Nov 03 21:02:08 +0000 2016,794283542712815616,Botnet #28,GRE-IP flood,30,151.236.14.89/32,80
Thu Nov 03 21:01:08 +0000 2016,794283291876749312,Botnet #28,GRE-IP flood,60,185.10.49.191/32,80
Thu Nov 03 20:58:03 +0000 2016,794282517738229760,Botnet #28,HTTP flood,180,"thuisbezorgd​.nl (104.20.2.86/32)
thuisbezorgd​.nl (104.20.3.86/32)",80
Thu Nov 03 20:57:19 +0000 2016,794282332001861633,Botnet #28,HTTP flood,30,"thuisbezorgd​.nl (104.20.2.86/32)
thuisbezorgd​.nl (104.20.3.86/32)",80
Thu Nov 03 20:56:23 +0000 2016,794282096864980992,Botnet #28,DNS flood,30,www​.thuisbezorgd​.nl (127.0.0.1/32),53
Thu Nov 03 20:54:35 +0000 2016,794281644911919106,Botnet #28,DNS flood,30,forexaw​.com (127.0.0.1/32),53
Thu Nov 03 20:46:19 +0000 2016,794279562779693056,Botnet #28,DNS flood,30,thuisbezorgd​.nl (127.0.0.1/32),53
Thu Nov 03 20:14:11 +0000 2016,794271478409818116,Botnet #28,GRE-IP flood,1800,82.94.173.220/32,80
Thu Nov 03 20:09:57 +0000 2016,794270410091229184,Botnet #25,GRE-ETH flood,300,137.74.54.202/32,Not found.
Thu Nov 03 19:56:07 +0000 2016,794266929775202304,Botnet #25,UDP flood,10,109.207.46.25/32,Not found.
Thu Nov 03 19:54:06 +0000 2016,794266420905443328,Botnet #28,GRE-IP flood,600,82.94.173.220/32,80
Thu Nov 03 19:42:56 +0000 2016,794263610344275976,Botnet #28,GRE-IP flood,300,82.94.173.220/32,80
Thu Nov 03 19:42:26 +0000 2016,794263487975456769,Botnet #28,GRE-IP flood,30,82.94.173.220/32,80
Thu Nov 03 19:30:47 +0000 2016,794260554479267844,Botnet #22,UDP flood,10,192.223.27.22/32,Not found.
Thu Nov 03 19:07:00 +0000 2016,794254570666991616,Botnet #28,GRE-IP flood,600,46.28.203.195/32,80
Thu Nov 03 18:55:15 +0000 2016,794251611111620610,Botnet #28,STOMP flood,180,186.2.163.161/32,80
Thu Nov 03 18:54:15 +0000 2016,794251362326478852,Botnet #28,STOMP flood,60,186.2.163.161/32,80
Thu Nov 03 18:52:00 +0000 2016,794250795122302976,Botnet #28,STOMP flood,15,186.2.163.161/32,80
Thu Nov 03 18:51:42 +0000 2016,794250717863223296,Botnet #28,GRE-IP flood,15,186.2.163.161/32,80
Thu Nov 03 18:40:50 +0000 2016,794247984116617216,Botnet #28,GRE-IP flood,300,46.28.203.195/32,80
Thu Nov 03 18:35:04 +0000 2016,794246531339714560,Botnet #28,ACK flood,300,46.28.203.195/32,80
Thu Nov 03 18:34:00 +0000 2016,794246263764041729,Botnet #28,ACK flood,60,46.28.203.195/32,80
Thu Nov 03 18:32:42 +0000 2016,794245937937924096,Botnet #28,GRE-IP flood,30,46.28.203.195/32,80
Thu Nov 03 18:25:23 +0000 2016,794244094948216832,Botnet #28,HTTP flood,30,"fortunejack​.com (104.20.13.246/32)
fortunejack​.com (104.20.12.246/32)",443
Thu Nov 03 18:08:47 +0000 2016,794239916507070465,Botnet #25,UDP flood,60,5.9.67.181/32,59620
Thu Nov 03 18:06:58 +0000 2016,794239461437665280,Botnet #25,UDP flood,80,93.139.161.73/32,Not found.
Thu Nov 03 18:05:48 +0000 2016,794239169254014976,Botnet #25,ACK flood,60,81.176.176.21/32,7777
Thu Nov 03 17:40:58 +0000 2016,794232916565958656,Botnet #28,GRE-IP flood,600,78.110.19.210/32,80
Thu Nov 03 17:30:58 +0000 2016,794230400168169472,Botnet #28,GRE-IP flood,300,78.110.19.210/32,80
Thu Nov 03 17:29:21 +0000 2016,794229996575453184,Botnet #28,GRE-IP flood,30,78.110.19.210/32,80
Thu Nov 03 13:05:34 +0000 2016,794163609526005760,Botnet #14,ACK flood,300,168.253.25.42/32,Not found.
Thu Nov 03 13:01:56 +0000 2016,794162695729807361,Botnet #14,ACK flood,60,168.253.25.42/32,Not found.
Thu Nov 03 12:36:01 +0000 2016,794156173926797312,Botnet #14,ACK flood,180,168.253.25.0/26,Not found.
Thu Nov 03 11:39:55 +0000 2016,794142055173853184,Botnet #14,ACK flood,900,168.253.25.42/32,Not found.
Wed Nov 02 23:13:23 +0000 2016,793954183837876224,Botnet #14,DNS flood,1,http://www​.malwaretech​.com (8.8.8.8/32),Not found.
Wed Nov 02 23:11:52 +0000 2016,793953803569664000,Botnet #14,DNS flood,1,kevin​.lies​.in​.fear (8.8.8.8/32),Not found.
Wed Nov 02 23:08:03 +0000 2016,793952845036974080,Botnet #14,DNS flood,1,www​.malwaretech​.com (8.8.8.8/32),Not found.
Wed Nov 02 23:03:59 +0000 2016,793951819806474240,Botnet #14,DNS flood,1,shadows​.kill (8.8.8.8/32),Not found.
Wed Nov 02 23:03:51 +0000 2016,793951788298813441,Botnet #14,DNS flood,1,cctv​.big (8.8.8.8/32),Not found.
Wed Nov 02 23:03:48 +0000 2016,793951772658298880,Botnet #14,DNS flood,1,uk​.small (8.8.8.8/32),Not found.
Wed Nov 02 22:02:57 +0000 2016,793936459258589184,Botnet #14,ACK flood,3600,168.253.25.0/26,Not found.
Wed Nov 02 21:58:44 +0000 2016,793935397491511297,Botnet #14,DNS flood,60,malwaretech​.com (127.0.0.1/32),Not found.
Wed Nov 02 21:36:55 +0000 2016,793929907499917317,Botnet #14,ACK flood,300,168.253.25.0/26,Not found.
Wed Nov 02 18:08:01 +0000 2016,793877336911380480,Botnet #14,ACK flood,1800,168.253.25.0/26,Not found.
Wed Nov 02 13:34:39 +0000 2016,793808544051109890,Botnet #14,ACK flood,60,"41.181.189.244/32
41.181.245.182/32
41.181.245.186/32
41.181.190.196/32
41.181.245.251/32",Not found.
Wed Nov 02 13:32:04 +0000 2016,793807892600254464,Botnet #14,UDP flood,60,"41.181.245.182/32
41.181.245.186/32
41.181.190.196/32
41.181.245.251/32
41.181.189.244/32",Not found.
Wed Nov 02 11:07:43 +0000 2016,793771565401899008,Botnet #14,ACK flood,240,"41.57.81.30/32
41.57.81.25/32
41.57.81.26/32
41.57.81.27/32
41.57.81.28/32
41.57.81.29/32",Not found.
Wed Nov 02 10:23:40 +0000 2016,793760481072807936,Botnet #14,ACK flood,240,"41.57.81.27/32
41.57.81.28/32
41.57.81.29/32
41.57.81.30/32
41.57.81.25/32
41.57.81.26/32",Not found.
Wed Nov 02 09:42:00 +0000 2016,793749995858063360,Botnet #14,ACK flood,240,"41.57.81.25/32
41.57.81.26/32
41.57.81.27/32
41.57.81.28/32
41.57.81.29/32
41.57.81.30/32",Not found.
Wed Nov 02 09:33:40 +0000 2016,793747897670045697,Botnet #14,ACK flood,240,"41.57.81.26/32
41.57.81.27/32
41.57.81.28/32
41.57.81.29/32
41.57.81.30/32
41.57.81.25/32",Not found.
Wed Nov 02 09:25:20 +0000 2016,793745801142992896,Botnet #14,ACK flood,240,"41.57.81.28/32
41.57.81.29/32
41.57.81.30/32
41.57.81.25/32
41.57.81.26/32
41.57.81.27/32",Not found.
Wed Nov 02 08:41:15 +0000 2016,793734704184852480,Botnet #14,ACK flood,180,"41.57.81.30/32
41.57.81.25/32
41.57.81.26/32
41.57.81.27/32
41.57.81.28/32
41.57.81.29/32",Not found.
Wed Nov 02 08:32:54 +0000 2016,793732606365925376,Botnet #14,ACK flood,180,"41.57.81.29/32
41.57.81.30/32
41.57.81.25/32
41.57.81.26/32
41.57.81.27/32
41.57.81.28/32",Not found.
Wed Nov 02 08:24:34 +0000 2016,793730508635172864,Botnet #14,ACK flood,180,"41.57.81.28/32
41.57.81.29/32
41.57.81.30/32
41.57.81.25/32
41.57.81.26/32
41.57.81.27/32",Not found.
Wed Nov 02 08:07:54 +0000 2016,793726314578583552,Botnet #14,ACK flood,180,"41.57.81.25/32
41.57.81.26/32
41.57.81.27/32
41.57.81.28/32
41.57.81.29/32
41.57.81.30/32",Not found.
Wed Nov 02 08:04:58 +0000 2016,793725576653733888,Botnet #14,SYN flood,60,41.57.81.0/26,Not found.
Wed Nov 02 07:49:32 +0000 2016,793721692845596672,Botnet #14,ACK flood,180,41.57.81.0/24,Not found.
Wed Nov 02 02:41:41 +0000 2016,793644220192006146,Botnet #13,GRE-IP flood,200,95.131.186.32/32,Not found.
Wed Nov 02 01:27:32 +0000 2016,793625558877954048,Botnet #13,UDPPLAIN flood,200,"141.138.128.0/21
95.131.184.0/21
194.73.173.0/24",443
Tue Nov 01 23:50:08 +0000 2016,793601045440126977,Botnet #13,ACK flood,250,95.131.184.0/21,Not found.
Tue Nov 01 23:20:58 +0000 2016,793593708189024256,Botnet #7[netwxrk​.org],HTTP flood,30,sinful​.b-cdn​.net (185.117.22.148/32),80
Tue Nov 01 19:38:07 +0000 2016,793537624640217088,Botnet #22,SYN flood,300,129.143.231.15/32,80
Tue Nov 01 17:58:07 +0000 2016,793512459126599680,Botnet #7[netwxrk​.org],STOMP flood,300,186.2.163.161/32,80
Tue Nov 01 17:57:07 +0000 2016,793512206415568896,Botnet #7[netwxrk​.org],STOMP flood,60,186.2.163.161/32,80
Tue Nov 01 17:48:27 +0000 2016,793510027013349377,Botnet #7[netwxrk​.org],STOMP flood,30,186.2.163.161/32,80
Tue Nov 01 17:47:16 +0000 2016,793509728286568448,Botnet #7[netwxrk​.org],GRE-IP flood,15,186.2.163.161/32,80
Tue Nov 01 16:35:22 +0000 2016,793491633224478720,Botnet #13,SYN flood,200,"95.131.184.0/21
141.138.128.0/21",80
Tue Nov 01 16:05:29 +0000 2016,793484114905165825,Botnet #14,UDP flood,180,212.70.159.206/32,Not found.
Tue Nov 01 15:17:23 +0000 2016,793472010458374144,Botnet #13,GRE-IP flood,200,141.138.130.12/32,Not found.
Tue Nov 01 15:13:01 +0000 2016,793470910988750848,Botnet #7[netwxrk​.org],GRE-IP flood,15,54.187.94.19/32,80
Tue Nov 01 15:09:58 +0000 2016,793470141455593472,Botnet #7[netwxrk​.org],GRE-IP flood,30,94.23.122.78/32,Not found.
Tue Nov 01 15:04:17 +0000 2016,793468711197876224,Botnet #7[netwxrk​.org],HTTP flood,30,webdeflect​.com (213.32.64.47/32),80
Tue Nov 01 14:58:17 +0000 2016,793467201600847876,Botnet #7[netwxrk​.org],HTTP flood,30,webdeflect​.com (213.32.64.47/32),443
Tue Nov 01 14:53:12 +0000 2016,793465922593906688,Botnet #7[netwxrk​.org],STOMP flood,30,213.32.64.47/32,80
Tue Nov 01 14:52:22 +0000 2016,793465710894804992,Botnet #7[netwxrk​.org],GRE-IP flood,30,213.32.64.47/32,80
Tue Nov 01 14:41:22 +0000 2016,793462943505580032,Botnet #14,ACK flood,3600,41.57.81.0/26,Not found.
Tue Nov 01 14:37:57 +0000 2016,793462082855399424,Botnet #7[netwxrk​.org],GRE-IP flood,15,213.32.64.47/32,80
Tue Nov 01 14:33:24 +0000 2016,793460939790118914,Botnet #13,ACK flood,200,141.138.130.0/24,80
Tue Nov 01 13:47:05 +0000 2016,793449283458654209,Botnet #14,ACK flood,1800,41.57.81.27/32,Not found.
Tue Nov 01 13:02:29 +0000 2016,793438058150502400,Botnet #14,ACK flood,1800,41.57.81.0/26,Not found.
Tue Nov 01 13:01:47 +0000 2016,793437885320007680,Botnet #7[netwxrk​.org],HTTP flood,30,52​.4​.207​.99 (52.4.207.99/32),80
Tue Nov 01 10:30:06 +0000 2016,793399709994016769,Botnet #14,GRE-IP flood,600,61.58.33.94/32,80
Tue Nov 01 10:29:18 +0000 2016,793399510307340288,Botnet #14,GRE-IP flood,30,61.58.33.94/32,80
Tue Nov 01 10:28:55 +0000 2016,793399414693957632,Botnet #14,GRE-IP flood,30,61.58.33.94/32,8888
Tue Nov 01 10:23:54 +0000 2016,793398151365427200,Botnet #14,ACK flood,30,61.58.33.94/32,8888
Tue Nov 01 10:19:13 +0000 2016,793396970404605960,Botnet #7[netwxrk​.org],ACK flood,30,61.58.33.94/32,8888
Tue Nov 01 10:16:47 +0000 2016,793396360452112384,Botnet #7[netwxrk​.org],UDP flood,30,61.58.33.94/32,8888
Tue Nov 01 10:12:01 +0000 2016,793395162214989825,Botnet #7[netwxrk​.org],UDP flood,30,61.58.33.94/32,Not found.
Tue Nov 01 09:31:35 +0000 2016,793384985570992129,Botnet #14,ACK flood,30,41.57.81.27/32,Not found.
Tue Nov 01 07:52:02 +0000 2016,793359932624166913,Botnet #14,ACK flood,60,41.57.81.27/32,Not found.
Tue Nov 01 07:48:20 +0000 2016,793359000029040640,Botnet #14,ACK flood,15,41.57.81.27/32,Not found.
Tue Nov 01 06:36:51 +0000 2016,793341012089380864,Botnet #14,ACK flood,10,41.181.189.244/32,Not found.
Tue Nov 01 06:27:15 +0000 2016,793338594224209920,Botnet #14,ACK flood,60,41.57.81.1/32,Not found.
Tue Nov 01 02:38:42 +0000 2016,793281081764093956,Botnet #14,ACK flood,60,41.181.245.186/32,Not found.
Mon Oct 31 23:01:48 +0000 2016,793226495137308672,Botnet #7[netwxrk​.org],GRE-IP flood,30,91.121.131.143/32,Not found.
Mon Oct 31 23:00:46 +0000 2016,793226233022676995,Botnet #7[netwxrk​.org],STOMP flood,30,91.121.131.143/32,Not found.
Mon Oct 31 22:54:13 +0000 2016,793224586032717825,Botnet #7[netwxrk​.org],HTTP flood,120,"ban​.bz (104.28.30.248/32)
ban​.bz (104.28.31.248/32)",80
Mon Oct 31 22:52:33 +0000 2016,793224165872529408,Botnet #22,SYN flood,20,103.195.100.186/32,25565
Mon Oct 31 22:50:20 +0000 2016,793223610613768192,Botnet #7[netwxrk​.org],HTTP flood,30,"ban​.bz (104.28.30.248/32)
ban​.bz (104.28.31.248/32)",80
Mon Oct 31 22:37:31 +0000 2016,793220382295810056,Botnet #7[netwxrk​.org],STOMP flood,30,149.202.90.16/32,Not found.
Mon Oct 31 22:34:04 +0000 2016,793219517052780544,Botnet #7[netwxrk​.org],GRE-IP flood,30,37.187.231.86/32,Not found.
Mon Oct 31 22:33:20 +0000 2016,793219329915510787,Botnet #7[netwxrk​.org],GRE-IP flood,30,149.202.90.16/32,Not found.
Mon Oct 31 22:30:46 +0000 2016,793218686026915840,Botnet #7[netwxrk​.org],GRE-IP flood,30,94.23.181.25/32,80
Mon Oct 31 22:29:44 +0000 2016,793218423094468608,Botnet #7[netwxrk​.org],STOMP flood,60,94.23.181.25/32,80
Mon Oct 31 22:20:06 +0000 2016,793216000074326016,Botnet #7[netwxrk​.org],STOMP flood,30,5.254.66.135/32,80
Mon Oct 31 22:19:36 +0000 2016,793215875646164992,Botnet #7[netwxrk​.org],GRE-IP flood,30,5.254.66.135/32,80
Mon Oct 31 22:02:09 +0000 2016,793211482074968065,Botnet #7[netwxrk​.org],GRE-IP flood,600,"77.87.181.72/32
77.87.181.63/32",Not found.
Mon Oct 31 22:00:07 +0000 2016,793210972345368577,Botnet #7[netwxrk​.org],GRE-IP flood,30,"77.87.181.255/32
77.87.180.255/32",Not found.
Mon Oct 31 21:58:55 +0000 2016,793210671290802176,Botnet #7[netwxrk​.org],ACK flood,30,77.87.181.72/32,80
Mon Oct 31 21:57:42 +0000 2016,793210363416371201,Botnet #7[netwxrk​.org],GRE-IP flood,30,77.87.181.72/32,80
Mon Oct 31 21:57:02 +0000 2016,793210194067095554,Botnet #7[netwxrk​.org],STOMP flood,30,77.87.181.63/32,Not found.
Mon Oct 31 21:55:56 +0000 2016,793209917054345218,Botnet #7[netwxrk​.org],DNS flood,30,pokerstars​.eu (77.87.181.72/32),53
Mon Oct 31 21:55:55 +0000 2016,793209915758276608,Botnet #7[netwxrk​.org],GRE-ETH flood,1,77.87.181.72/32,Not found.
Mon Oct 31 21:55:02 +0000 2016,793209692713545728,Botnet #7[netwxrk​.org],GRE-ETH flood,30,77.87.181.72/32,Not found.
Mon Oct 31 21:53:18 +0000 2016,793209256606593024,Botnet #7[netwxrk​.org],GRE-IP flood,30,77.87.177.252/32,Not found.
Mon Oct 31 21:52:21 +0000 2016,793209018894454784,Botnet #7[netwxrk​.org],GRE-IP flood,30,77.87.181.72/32,Not found.
Mon Oct 31 21:49:18 +0000 2016,793208248073592832,Botnet #7[netwxrk​.org],GRE-IP flood,30,81.20.67.182/32,Not found.
Mon Oct 31 21:48:48 +0000 2016,793208121871233024,Botnet #7[netwxrk​.org],GRE-IP flood,30,77.87.180.14/32,Not found.
Mon Oct 31 21:38:44 +0000 2016,793205592647200768,Botnet #7[netwxrk​.org],STOMP flood,600,"77.87.180.156/32
77.87.181.72/32",80
Mon Oct 31 21:33:15 +0000 2016,793204212104585216,Botnet #7[netwxrk​.org],STOMP flood,300,"77.87.180.156/32
77.87.181.72/32",80
Mon Oct 31 21:32:45 +0000 2016,793204084010520581,Botnet #7[netwxrk​.org],STOMP flood,30,"77.87.180.156/32
77.87.181.72/32",80
Mon Oct 31 21:32:15 +0000 2016,793203957824970752,Botnet #7[netwxrk​.org],GRE-IP flood,30,"77.87.180.156/32
77.87.181.72/32",80
Mon Oct 31 21:31:37 +0000 2016,793203801557700608,Botnet #7[netwxrk​.org],GRE-ETH flood,30,"77.87.180.156/32
77.87.181.72/32",Not found.
Mon Oct 31 21:26:12 +0000 2016,793202435556773888,Botnet #14,ACK flood,120,41.57.80.0/20,Not found.
Mon Oct 31 20:49:24 +0000 2016,793193177306034176,Botnet #7[netwxrk​.org],GRE-IP flood,600,"77.87.180.1/32
77.87.181.1/32",Not found.
Mon Oct 31 20:44:20 +0000 2016,793191899087663104,Botnet #7[netwxrk​.org],GRE-IP flood,300,"77.87.180.1/32
77.87.181.1/32",Not found.
Mon Oct 31 20:43:37 +0000 2016,793191719500181504,Botnet #7[netwxrk​.org],GRE-IP flood,30,"77.87.180.1/32
77.87.181.1/32",Not found.
Mon Oct 31 20:42:58 +0000 2016,793191557503516672,Botnet #7[netwxrk​.org],GRE-IP flood,30,"77.87.180.156/32
77.87.181.72/32",Not found.
Mon Oct 31 20:40:57 +0000 2016,793191049132900352,Botnet #7[netwxrk​.org],GRE-IP flood,30,195.22.209.126/32,Not found.
Mon Oct 31 20:39:54 +0000 2016,793190785512529920,Botnet #14,GRE-IP flood,300,41.57.81.27/32,Not found.
Mon Oct 31 20:29:57 +0000 2016,793188279822741505,Botnet #14,GRE-IP flood,120,41.57.81.27/32,Not found.
Mon Oct 31 20:18:46 +0000 2016,793185466833113088,Botnet #7[netwxrk​.org],GRE-IP flood,600,77.87.180.156/32,80
Mon Oct 31 20:18:01 +0000 2016,793185279620288512,Botnet #7[netwxrk​.org],GRE-IP flood,30,77.87.180.1/32,Not found.
Mon Oct 31 20:06:44 +0000 2016,793182438495248384,Botnet #7[netwxrk​.org],GRE-IP flood,300,77.87.180.156/32,80
Mon Oct 31 20:03:40 +0000 2016,793181665183076357,Botnet #14,ACK flood,120,41.57.81.27/32,Not found.
Mon Oct 31 20:01:52 +0000 2016,793181213372588032,Botnet #7[netwxrk​.org],GRE-IP flood,120,77.87.180.156/32,80
Mon Oct 31 20:00:28 +0000 2016,793180860338073601,Botnet #7[netwxrk​.org],GRE-IP flood,30,77.87.180.156/32,80
Mon Oct 31 19:55:27 +0000 2016,793179599517523968,Botnet #7[netwxrk​.org],GRE-IP flood,300,138.201.187.85/32,80
Mon Oct 31 19:55:00 +0000 2016,793179485558435841,Botnet #14,UDP flood,30,41.181.189.244/32,Not found.
Mon Oct 31 19:54:32 +0000 2016,793179369858621440,Botnet #7[netwxrk​.org],GRE-IP flood,30,"77.87.181.63/32
77.87.181.72/32
138.201.187.85/32",80
Mon Oct 31 19:34:38 +0000 2016,793174359506558977,Botnet #22,SYN flood,1200,83.223.73.35/32,80
Mon Oct 31 19:33:08 +0000 2016,793173983629811713,Botnet #22,SYN flood,30,83.223.73.35/32,80
Mon Oct 31 19:32:18 +0000 2016,793173771448356864,Botnet #7[netwxrk​.org],GRE-IP flood,30,138.201.187.85/32,80
Mon Oct 31 19:25:23 +0000 2016,793172032376668160,Botnet #7[netwxrk​.org],GRE-IP flood,15,77.87.180.156/32,80
Mon Oct 31 18:48:09 +0000 2016,793162660300857344,Botnet #22,UDP flood,120,195.22.214.65/32,9987
Mon Oct 31 18:45:55 +0000 2016,793162098096345088,Botnet #22,STOMP flood,20,188.68.37.23/32,25565
Mon Oct 31 18:12:48 +0000 2016,793153767248191488,Botnet #14,ACK flood,3600,41.57.81.30/32,Not found.
Mon Oct 31 18:02:25 +0000 2016,793151152602935296,Botnet #14,ACK flood,180,41.57.81.30/32,Not found.
Mon Oct 31 17:51:55 +0000 2016,793148509813936129,Botnet #14,UDP flood,60,41.57.81.30/32,Not found.
Mon Oct 31 17:25:45 +0000 2016,793141924379127809,Botnet #7[netwxrk​.org],HTTP flood,60,"animeshow​.tv (104.28.17.30/32)
animeshow​.tv (104.28.16.30/32)",80
Mon Oct 31 17:22:48 +0000 2016,793141180821299201,Botnet #7[netwxrk​.org],GRE-IP flood,60,91.235.140.148/32,80
Mon Oct 31 17:20:40 +0000 2016,793140647666524164,Botnet #7[netwxrk​.org],GRE-IP flood,30,167.114.247.53/32,43595
Mon Oct 31 17:16:38 +0000 2016,793139631478992901,Botnet #14,GRE-ETH flood,120,41.57.81.0/24,Not found.
Mon Oct 31 17:05:22 +0000 2016,793136795240296448,Botnet #14,ACK flood,120,41.57.81.30/32,Not found.
Mon Oct 31 17:02:28 +0000 2016,793136065959829504,Botnet #7[netwxrk​.org],STOMP flood,60,167.114.247.53/32,43595
Mon Oct 31 17:00:58 +0000 2016,793135690112462848,Botnet #14,ACK flood,120,41.57.81.0/26,Not found.
Mon Oct 31 16:59:14 +0000 2016,793135253552529409,Botnet #7[netwxrk​.org],GRE-ETH flood,30,167.114.247.53/32,43595
Mon Oct 31 16:56:34 +0000 2016,793134580513513472,Botnet #14,DNS flood,120,smtp1​.lonestarcell​.com (127.0.0.1/32),Not found.
Mon Oct 31 16:52:37 +0000 2016,793133587428147202,Botnet #7[netwxrk​.org],STOMP flood,30,167.114.247.53/32,43595
Mon Oct 31 16:44:14 +0000 2016,793131478171394049,Botnet #14,DNS flood,120,lonestarcell​.com (127.0.0.1/32),Not found.
Mon Oct 31 16:35:16 +0000 2016,793129222160191488,Botnet #7[netwxrk​.org],STOMP flood,30,167.114.252.189/32,43595
Mon Oct 31 16:34:11 +0000 2016,793128948259549188,Botnet #7[netwxrk​.org],GRE-IP flood,30,167.114.252.189/32,43595
Mon Oct 31 15:48:52 +0000 2016,793117542403477504,Botnet #7[netwxrk​.org],HTTP flood,30,www​.kurir​.rs (158.69.39.225/32),80
Mon Oct 31 15:47:59 +0000 2016,793117321107824644,Botnet #7[netwxrk​.org],STOMP flood,30,158.69.39.225/32,80
Mon Oct 31 15:46:48 +0000 2016,793117024436314113,Botnet #7[netwxrk​.org],GRE-IP flood,30,158.69.39.225/32,80
Mon Oct 31 15:25:26 +0000 2016,793111647086837761,Botnet #14,ACK flood,3600,41.57.81.0/24,Not found.
Mon Oct 31 15:05:42 +0000 2016,793106679533604864,Botnet #14,GRE-IP flood,600,41.57.81.0/24,Not found.
Mon Oct 31 15:05:42 +0000 2016,793106679533604864,Botnet #14,GRE-IP flood,600,41.57.81.0/24,Not found.
Mon Oct 31 14:57:39 +0000 2016,793104653135310848,Botnet #14,GRE-IP flood,120,41.57.81.0/24,Not found.
Mon Oct 31 12:43:03 +0000 2016,793070780716347392,Botnet #7[netwxrk​.org],HTTP flood,30,"nos​.nl (145.58.28.175/32)
nos​.nl (145.58.29.114/32)",80
Mon Oct 31 12:41:03 +0000 2016,793070278775607296,Botnet #7[netwxrk​.org],GRE-IP flood,30,"145.58.29.114/32
145.58.28.175/32",80
Mon Oct 31 11:59:24 +0000 2016,793059797969010688,Botnet #14,ACK flood,300,41.57.81.0/24,Not found.
Mon Oct 31 11:31:12 +0000 2016,793052699344396289,Botnet #14,SYN flood,120,41.57.80.0/20,Not found.
Mon Oct 31 10:45:17 +0000 2016,793041145894957057,Botnet #14,ACK flood,120,41.57.81.25/32,Not found.
Mon Oct 31 08:14:26 +0000 2016,793003180510568448,Botnet #7[netwxrk​.org],GRE-IP flood,60,104.85.165.1/32,Not found.
Mon Oct 31 08:08:09 +0000 2016,793001601447391232,Botnet #7[netwxrk​.org],GRE-IP flood,120,109.163.224.34/32,80
Mon Oct 31 08:07:34 +0000 2016,793001453707296768,Botnet #7[netwxrk​.org],GRE-IP flood,30,109.163.224.34/32,80
Mon Oct 31 07:59:37 +0000 2016,792999453745614848,Botnet #7[netwxrk​.org],HTTP flood,30,www​.zalando​.nl (130.211.9.113/32),80
Sun Oct 30 23:23:23 +0000 2016,792869538488520705,Botnet #7[netwxrk​.org],GRE-IP flood,30,91.211.72.194/32,80
Sun Oct 30 23:13:49 +0000 2016,792867130245021697,Botnet #7[netwxrk​.org],STOMP flood,15,185.62.189.123/32,80
Sun Oct 30 23:12:45 +0000 2016,792866862006669313,Botnet #7[netwxrk​.org],DNS flood,30,bitonic​.nl (185.62.189.123/32),53
Sun Oct 30 23:11:56 +0000 2016,792866658293538816,Botnet #7[netwxrk​.org],GRE-IP flood,30,185.62.189.123/32,80
Sun Oct 30 23:09:41 +0000 2016,792866090548420608,Botnet #7[netwxrk​.org],GRE-IP flood,30,52.36.196.57/32,80
Sun Oct 30 23:08:49 +0000 2016,792865872662659072,Botnet #7[netwxrk​.org],HTTP flood,15,52​.4​.207​.99 (52.4.207.99/32),80
Sun Oct 30 22:39:59 +0000 2016,792858615266811904,Botnet #7[netwxrk​.org],GRE-IP flood,30,"198.84.60.137/32
198.84.60.132/32
198.84.60.136/32
198.84.60.134/32",80
Sun Oct 30 22:32:55 +0000 2016,792856836907143169,Botnet #7[netwxrk​.org],STOMP flood,15,158.69.63.200/32,80
Sun Oct 30 22:32:15 +0000 2016,792856671395651584,Botnet #7[netwxrk​.org],GRE-IP flood,30,158.69.63.200/32,80
Sun Oct 30 22:15:28 +0000 2016,792852447454691328,Botnet #7[netwxrk​.org],STOMP flood,30,51.254.164.164/32,80
Sun Oct 30 22:07:55 +0000 2016,792850547942518784,Botnet #7[netwxrk​.org],GRE-IP flood,30,37.187.232.96/32,Not found.
Sun Oct 30 20:59:41 +0000 2016,792833376050872321,Botnet #7[netwxrk​.org],HTTP flood,30,64​.34​.161​.249 (64.34.161.249/32),80
Sun Oct 30 20:52:40 +0000 2016,792831611083616260,Botnet #7[netwxrk​.org],HTTP flood,30,zalando​.nl (130.211.9.113/32),80
Sun Oct 30 20:45:38 +0000 2016,792829841506701312,Botnet #7[netwxrk​.org],HTTP flood,15,184​.84​.240​.63 (184.84.240.63/32),80
Sun Oct 30 20:44:42 +0000 2016,792829605354860544,Botnet #7[netwxrk​.org],HTTP flood,30,50​.23​.19​.91 (50.23.19.91/32),80
Sun Oct 30 20:12:54 +0000 2016,792821603247718400,Botnet #7[netwxrk​.org],HTTP flood,30,184​.84​.240​.63 (184.84.240.63/32),80
Sun Oct 30 19:55:01 +0000 2016,792817102717612032,Botnet #22,STOMP flood,30,51.255.119.220/32,22565
Sun Oct 30 19:52:42 +0000 2016,792816517754871810,Botnet #22,SYN flood,60,51.255.119.220/32,10011
Sun Oct 30 18:55:32 +0000 2016,792802131384426496,Botnet #7[netwxrk​.org],HTTP flood,30,quantum-hosting​.de (46.105.215.249/32),80
Sun Oct 30 17:13:20 +0000 2016,792776411044020228,Botnet #14,UDP flood,240,109.163.224.34/32,80
Sun Oct 30 15:51:41 +0000 2016,792755865468211200,Botnet #20,HTTP flood,80,1.1.1.1/32,Not found.
Sun Oct 30 15:18:58 +0000 2016,792747629482381312,Botnet #14,UDP flood,120,109.163.224.34/32,80
Sun Oct 30 14:36:56 +0000 2016,792737055151362053,Botnet #7[netwxrk​.org],GRE-IP flood,15,185.145.129.14/32,80
Sun Oct 30 14:25:34 +0000 2016,792734191523946496,Botnet #7[netwxrk​.org],GRE-IP flood,15,5.255.82.110/32,80
Sun Oct 30 14:04:22 +0000 2016,792728859053555713,Botnet #7[netwxrk​.org],GRE-IP flood,15,5.255.90.117/32,80
Sun Oct 30 14:01:49 +0000 2016,792728216989495296,Botnet #7[netwxrk​.org],GRE-IP flood,15,91.195.80.45/32,80
Sun Oct 30 13:58:59 +0000 2016,792727503676858368,Botnet #7[netwxrk​.org],GRE-IP flood,15,185.114.225.6/32,80
Sun Oct 30 13:54:25 +0000 2016,792726354345259013,Botnet #7[netwxrk​.org],STOMP flood,15,185.114.157.161/32,80
Sun Oct 30 13:52:06 +0000 2016,792725772536541188,Botnet #7[netwxrk​.org],GRE-IP flood,30,185.114.157.161/32,80
Sun Oct 30 13:45:48 +0000 2016,792724186527588352,Botnet #7[netwxrk​.org],GRE-IP flood,30,46.249.46.123/32,80
Sun Oct 30 13:05:01 +0000 2016,792713920188452864,Botnet #7[netwxrk​.org],HTTP flood,15,64​.34​.161​.249 (64.34.161.249/32),80
Sat Oct 29 20:44:11 +0000 2016,792467085880332288,Botnet #22,HTTP flood,120,104.31.1.173/32,Not found.
Sat Oct 29 19:45:38 +0000 2016,792452351571423232,Botnet #7[netwxrk​.org],GRE-IP flood,30,103.249.71.47/32,80
Sat Oct 29 19:42:35 +0000 2016,792451583258886144,Botnet #7[netwxrk​.org],GRE-IP flood,30,198.251.84.73/32,80
Sat Oct 29 18:16:21 +0000 2016,792429882739392512,Botnet #22,SYN flood,30,188.68.37.23/32,25565
Sat Oct 29 16:19:22 +0000 2016,792400443448107008,Botnet #22,UDP flood,300,93.158.200.124/32,22
Sat Oct 29 16:11:45 +0000 2016,792398526756089856,Botnet #22,UDPPLAIN flood,10,188.209.49.50/32,9988
Sat Oct 29 16:04:00 +0000 2016,792396575804944384,Botnet #22,STOMP flood,12,188.209.49.50/32,Not found.
Sat Oct 29 16:00:11 +0000 2016,792395617045778434,Botnet #22,UDP flood,5,188.209.49.50/32,1
Sat Oct 29 15:55:54 +0000 2016,792394536584634368,Botnet #22,STOMP flood,120,188.209.49.50/32,23
Sat Oct 29 15:55:28 +0000 2016,792394428451328000,Botnet #22,UDPPLAIN flood,10,188.209.49.50/32,53
Sat Oct 29 15:54:24 +0000 2016,792394159302778880,Botnet #22,UDP flood,10,188.209.49.50/32,53
Sat Oct 29 15:52:43 +0000 2016,792393736424751105,Botnet #22,STOMP flood,100,188.209.49.50/32,23
Sat Oct 29 15:46:33 +0000 2016,792392183894638592,Botnet #22,GRE-IP flood,10,188.209.49.50/32,23
Sat Oct 29 15:46:12 +0000 2016,792392098066665472,Botnet #22,GRE-ETH flood,10,188.209.49.50/32,Not found.
Sat Oct 29 15:45:23 +0000 2016,792391892046610432,Botnet #22,UDP flood,20,188.209.49.50/32,Not found.
Sat Oct 29 15:44:40 +0000 2016,792391712123588608,Botnet #22,STOMP flood,10,188.209.49.50/32,23
Sat Oct 29 15:44:21 +0000 2016,792391632398221313,Botnet #22,STOMP flood,10,188.209.49.50/32,48101
Sat Oct 29 15:43:54 +0000 2016,792391518074073088,Botnet #22,STOMP flood,10,188.209.49.50/32,22
Sat Oct 29 15:39:58 +0000 2016,792390527819931648,Botnet #22,STOMP flood,30,188.209.49.50/32,23
Sat Oct 29 15:29:56 +0000 2016,792388005336117248,Botnet #22,UDP flood,600,"82.118.233.159/32
82.118.233.111/32",Not found.
Sat Oct 29 15:27:28 +0000 2016,792387381299179520,Botnet #22,UDP flood,5,82.118.233.0/24,Not found.
Sat Oct 29 15:22:37 +0000 2016,792386162086338560,Botnet #22,UDP flood,120,178.148.164.144/32,Not found.
Sat Oct 29 15:16:04 +0000 2016,792384512047063046,Botnet #22,HTTP flood,120,exitus​.to (104.27.138.7/32),Not found.
Sat Oct 29 15:14:32 +0000 2016,792384128230514688,Botnet #22,HTTP flood,20,quantum-hosting​.de (46.105.215.249/32),Not found.
Sat Oct 29 15:12:28 +0000 2016,792383606622650368,Botnet #22,HTTP flood,1,hdfhanso​.hrsn (1.2.3.4/32),Not found.
Sat Oct 29 14:18:12 +0000 2016,792369951751434240,Botnet #22,HTTP flood,1,freeapple​.j4ck (69.69.69.69/32),Not found.
Sat Oct 29 14:09:26 +0000 2016,792367742796107778,Botnet #22,HTTP flood,10,foo​.com (10.0.1.4/32),Not found.
Sat Oct 29 13:02:36 +0000 2016,792350925608325120,Botnet #22,UDP flood,3600,127.0.0.1/32,Not found.
Sat Oct 29 13:00:31 +0000 2016,792350400217247744,Botnet #22,HTTP flood,120,paxhosting​.com (5.254.66.135/32),Not found.
Sat Oct 29 12:57:01 +0000 2016,792349520424235008,Botnet #22,HTTP flood,120,paxhosting​.co (5.254.66.135/32),Not found.
Sat Oct 29 10:40:59 +0000 2016,792315284573085697,Botnet #7[netwxrk​.org],HTTP flood,30,runescape​.com (91.235.140.148/32),80
Sat Oct 29 10:40:07 +0000 2016,792315067400384512,Botnet #7[netwxrk​.org],GRE-IP flood,30,91.235.140.148/32,80
Sat Oct 29 10:37:08 +0000 2016,792314318947835904,Botnet #7[netwxrk​.org],STOMP flood,30,167.114.251.82/32,43595
Sat Oct 29 10:36:31 +0000 2016,792314162047221760,Botnet #7[netwxrk​.org],GRE-IP flood,30,167.114.251.82/32,43595
Sat Oct 29 09:25:35 +0000 2016,792296310993018880,Botnet #7[netwxrk​.org],GRE-IP flood,30,5.135.20.219/32,80
Sat Oct 29 09:17:07 +0000 2016,792294182274695168,Botnet #7[netwxrk​.org],GRE-IP flood,30,103.249.71.16/32,80
Sat Oct 29 01:07:54 +0000 2016,792171066848317444,Botnet #21,UDP flood,100,185.29.11.189/30,Not found.
Fri Oct 28 22:48:28 +0000 2016,792135977204609024,Botnet #7[netwxrk​.org],GRE-IP flood,30,103.249.70.58/32,80
Fri Oct 28 22:30:47 +0000 2016,792131526414794752,Botnet #20,HTTP flood,80,167.114.29.195/32,Not found.
Fri Oct 28 22:07:26 +0000 2016,792125648642899969,Botnet #20,SYN flood,80,167.114.29.195/32,Not found.
Fri Oct 28 19:57:44 +0000 2016,792093008636379136,Botnet #7[netwxrk​.org],STOMP flood,30,8.42.17.172/32,43594
Fri Oct 28 19:56:43 +0000 2016,792092755380011008,Botnet #7[netwxrk​.org],GRE-IP flood,30,8.42.17.172/32,43594
Fri Oct 28 19:45:40 +0000 2016,792089973935710208,Botnet #7[netwxrk​.org],GRE-ETH flood,30,217.163.53.193/32,43594
Fri Oct 28 19:44:10 +0000 2016,792089593726238720,Botnet #7[netwxrk​.org],GRE-IP flood,30,217.163.53.193/32,43594
Fri Oct 28 19:21:52 +0000 2016,792083982762512385,Botnet #7[netwxrk​.org],GRE-IP flood,30,149.202.144.10/32,80
Fri Oct 28 19:12:14 +0000 2016,792081557351718917,Botnet #7[netwxrk​.org],GRE-IP flood,30,51.254.164.164/32,80
Fri Oct 28 18:45:28 +0000 2016,792074824218734592,Botnet #7[netwxrk​.org],GRE-IP flood,30,46.105.105.77/32,80
Fri Oct 28 18:40:44 +0000 2016,792073632956686336,Botnet #7[netwxrk​.org],GRE-IP flood,30,5.196.169.221/32,80
Fri Oct 28 18:28:45 +0000 2016,792070616040046592,Botnet #7[netwxrk​.org],GRE-IP flood,30,213.133.107.227/32,80
Fri Oct 28 18:24:54 +0000 2016,792069647101222912,Botnet #7[netwxrk​.org],GRE-IP flood,30,89.163.159.214/32,80
Fri Oct 28 18:22:50 +0000 2016,792069125661200384,Botnet #7[netwxrk​.org],GRE-IP flood,30,212.47.231.228/32,80
Fri Oct 28 18:20:43 +0000 2016,792068596327473153,Botnet #7[netwxrk​.org],GRE-IP flood,30,213.186.33.18/32,80
Fri Oct 28 18:17:13 +0000 2016,792067714336583680,Botnet #7[netwxrk​.org],GRE-IP flood,30,188.165.58.33/32,80
Fri Oct 28 18:12:38 +0000 2016,792066559489478656,Botnet #7[netwxrk​.org],GRE-IP flood,30,51.254.112.232/32,80
Fri Oct 28 18:10:15 +0000 2016,792065961536917504,Botnet #7[netwxrk​.org],GRE-IP flood,30,212.114.50.10/32,80
Fri Oct 28 18:06:17 +0000 2016,792064963531726848,Botnet #7[netwxrk​.org],GRE-IP flood,30,5.196.252.10/32,80
Fri Oct 28 18:05:38 +0000 2016,792064797374373888,Botnet #7[netwxrk​.org],GRE-IP flood,30,173.234.25.98/32,80
Fri Oct 28 18:03:54 +0000 2016,792064363683250176,Botnet #7[netwxrk​.org],GRE-IP flood,30,158.69.63.200/32,80
Fri Oct 28 17:55:13 +0000 2016,792062176567713792,Botnet #7[netwxrk​.org],STOMP flood,15,51.254.112.232/32,80
Fri Oct 28 17:54:55 +0000 2016,792062102991212544,Botnet #7[netwxrk​.org],GRE-IP flood,15,51.254.112.232/32,80
Fri Oct 28 17:40:09 +0000 2016,792058385378181120,Botnet #7[netwxrk​.org],STOMP flood,30,198.27.73.92/32,Not found.
Fri Oct 28 17:39:00 +0000 2016,792058094968856576,Botnet #7[netwxrk​.org],STOMP flood,60,91.121.215.215/32,Not found.
Fri Oct 28 17:37:44 +0000 2016,792057779318038529,Botnet #7[netwxrk​.org],STOMP flood,15,198.27.86.254/32,80
Fri Oct 28 17:36:56 +0000 2016,792057577240657920,Botnet #7[netwxrk​.org],HTTP flood,30,184​.84​.240​.63 (184.84.240.63/32),80
Fri Oct 28 15:53:23 +0000 2016,792031517253988356,Botnet #22,UDP flood,120,82.118.233.111/32,22
Fri Oct 28 15:44:28 +0000 2016,792029273955729408,Botnet #22,HTTP flood,1,shoutout​.to​.malwaretech (1.3.3.7/32),Not found.
Fri Oct 28 15:39:34 +0000 2016,792028037940477952,Botnet #22,HTTP flood,1,miraisucksbro​.net (1.3.3.7/32),Not found.
Fri Oct 28 15:36:52 +0000 2016,792027360820334597,Botnet #22,UDP flood,45,195.22.214.65/32,Not found.
Fri Oct 28 14:15:16 +0000 2016,792006826980175872,Botnet #14,UDP flood,120,109.163.224.34/32,80
Fri Oct 28 11:19:58 +0000 2016,791962708081938433,Botnet #14,ACK flood,30,185.61.137.108/32,23
Fri Oct 28 07:00:51 +0000 2016,791897499330080768,Botnet #23,UDP flood,5,222.98.175.168/32,Not found.
Fri Oct 28 06:56:40 +0000 2016,791896447797125120,Botnet #23,STOMP flood,1000,222.98.175.168/32,Not found.
Fri Oct 28 06:39:05 +0000 2016,791892023825555456,Botnet #24,UDPPLAIN flood,5,174.140.169.114/32,80
Fri Oct 28 06:38:12 +0000 2016,791891801808498692,Botnet #24,UDPPLAIN flood,5,174.140.169.114/0,Not found.
Fri Oct 28 06:34:22 +0000 2016,791890834983686144,Botnet #24,UDP flood,5,174.140.169.114/0,80
Fri Oct 28 06:22:30 +0000 2016,791887847603236865,Botnet #24,UDP flood,30,174.140.19.114/32,80
Fri Oct 28 06:18:56 +0000 2016,791886952517738496,Botnet #24,UDP flood,30,174.140.169.114/32,80
Fri Oct 28 06:13:07 +0000 2016,791885488718245889,Botnet #24,UDP flood,30,174.140.169.114/32,Not found.
Fri Oct 28 02:14:16 +0000 2016,791825378138525696,Botnet #23,UDP flood,100,222.98.175.168/32,Not found.
Fri Oct 28 02:13:48 +0000 2016,791825263269146624,Botnet #23,UDP flood,10,222.98.175.168/32,Not found.
Fri Oct 28 02:11:54 +0000 2016,791824785202352128,Botnet #23,UDP flood,20,222.98.175.168/32,Not found.
Fri Oct 28 02:09:43 +0000 2016,791824235081662464,Botnet #23,ACK flood,20,222.98.175.168/32,Not found.
Fri Oct 28 02:09:22 +0000 2016,791824144354648068,Botnet #23,SYN flood,20,222.98.175.168/32,Not found.
Fri Oct 28 02:00:44 +0000 2016,791821972795756546,Botnet #23,ACK flood,100,222.98.175.168/32,Not found.
Fri Oct 28 02:00:14 +0000 2016,791821847016923138,Botnet #23,SYN flood,1,"8.8.8.8/32
222.98.175.168/32",Not found.
Fri Oct 28 01:59:20 +0000 2016,791821623024316416,Botnet #23,HTTP flood,1,"8.8.8.8/32
222.98.175.168/32",Not found.
Fri Oct 28 01:57:36 +0000 2016,791821185319337984,Botnet #23,VSE flood,10,222.98.175.168/32,Not found.
Fri Oct 28 01:57:18 +0000 2016,791821110912421888,Botnet #23,GRE-IP flood,10,222.98.175.168/32,Not found.
Fri Oct 28 01:56:38 +0000 2016,791820943735881728,Botnet #23,GRE-ETH flood,10,222.98.175.168/32,Not found.
Fri Oct 28 01:55:55 +0000 2016,791820763074625536,Botnet #23,STOMP flood,10,222.98.175.168/32,Not found.
Fri Oct 28 01:55:27 +0000 2016,791820645025845248,Botnet #23,UDPPLAIN flood,9,222.98.175.168/32,Not found.
Fri Oct 28 01:54:51 +0000 2016,791820491858337792,Botnet #23,UDPPLAIN flood,10,222.98.175.168/32,Not found.
Fri Oct 28 01:54:09 +0000 2016,791820317089988608,Botnet #23,HTTP flood,20,222.98.175.168/32,Not found.
Fri Oct 28 01:47:51 +0000 2016,791818731865378816,Botnet #23,SYN flood,1,222.98.175.168/32,Not found.
Fri Oct 28 01:40:09 +0000 2016,791816793086099456,Botnet #23,UDP flood,50,218.53.182.14/32,Not found.
Fri Oct 28 01:38:02 +0000 2016,791816259604209664,Botnet #23,SYN flood,10,218.53.182.14/32,Not found.
Fri Oct 28 01:34:45 +0000 2016,791815434433654784,Botnet #23,GRE-IP flood,10,218.53.182.14/32,Not found.
Fri Oct 28 01:34:31 +0000 2016,791815377332371457,Botnet #23,VSE flood,2,218.53.182.14/32,Not found.
Fri Oct 28 01:34:10 +0000 2016,791815286295068672,Botnet #23,GRE-ETH flood,5,218.53.182.14/32,Not found.
Fri Oct 28 01:34:02 +0000 2016,791815253600399365,Botnet #23,STOMP flood,2,218.53.182.14/32,Not found.
Fri Oct 28 01:33:57 +0000 2016,791815234109448192,Botnet #23,SYN flood,1,218.53.182.14/32,Not found.
Fri Oct 28 01:30:23 +0000 2016,791814337279172608,Botnet #23,ACK flood,1,218.53.182.14/32,Not found.
Fri Oct 28 01:30:14 +0000 2016,791814297626284032,Botnet #23,VSE flood,1,218.53.182.14/32,Not found.
Fri Oct 28 01:29:34 +0000 2016,791814128717402117,Botnet #23,UDP flood,1,218.53.182.14/32,Not found.
Fri Oct 28 01:29:12 +0000 2016,791814038535757824,Botnet #23,UDPPLAIN flood,1,218.53.182.14/32,Not found.
Fri Oct 28 01:27:01 +0000 2016,791813489849401346,Botnet #23,UDPPLAIN flood,20,218.53.182.14/32,Not found.
Fri Oct 28 01:25:17 +0000 2016,791813050257010688,Botnet #23,HTTP flood,100,218.53.182.14/32,Not found.
Fri Oct 28 01:23:57 +0000 2016,791812718474981376,Botnet #23,HTTP flood,1,218.53.182.14/32,Not found.
Fri Oct 28 01:14:40 +0000 2016,791810380330827777,Botnet #23,SYN flood,20,218.53.182.32/32,Not found.
Fri Oct 28 01:11:04 +0000 2016,791809473987870720,Botnet #23,STOMP flood,10,218.53.182.32/32,Not found.
Fri Oct 28 01:09:50 +0000 2016,791809163819180032,Botnet #23,SYN flood,10,218.53.182.32/32,Not found.
Thu Oct 27 19:17:09 +0000 2016,791720409968279552,Botnet #21,UDPPLAIN flood,10,185.29.11.189/32,Not found.
Thu Oct 27 19:14:49 +0000 2016,791719823097102336,Botnet #21,GRE-IP flood,30,185.29.11.189/32,Not found.
Thu Oct 27 19:13:17 +0000 2016,791719436218671104,Botnet #21,UDP flood,30,185.29.11.189/32,Not found.
Thu Oct 27 19:12:46 +0000 2016,791719304127471616,Botnet #21,UDP flood,30,185.29.11.189/30,Not found.
Thu Oct 27 19:10:35 +0000 2016,791718756997275648,Botnet #21,HTTP flood,100,64.34.161.249/32,Not found.
Thu Oct 27 19:04:42 +0000 2016,791717277402095616,Botnet #21,UDP flood,100,73.23.57.120/30,Not found.
Thu Oct 27 17:29:54 +0000 2016,791693419819204609,Botnet #14,STOMP flood,10,185.61.137.108/32,23
Thu Oct 27 17:29:08 +0000 2016,791693224020733958,Botnet #14,ACK flood,10,185.61.137.108/32,23
Thu Oct 27 17:22:50 +0000 2016,791691641455337473,Botnet #7[netwxrk​.org],GRE-IP flood,30,209.141.39.2/32,Not found.
Thu Oct 27 17:15:49 +0000 2016,791689874923487232,Botnet #7[netwxrk​.org],GRE-IP flood,30,46.166.129.133/32,Not found.
Thu Oct 27 16:27:20 +0000 2016,791677674620084224,Botnet #14,ACK flood,120,109.163.224.34/32,80
Thu Oct 27 16:05:38 +0000 2016,791672212143140864,Botnet #23,STOMP flood,1,127.0.0.1/32,Not found.
Thu Oct 27 15:57:55 +0000 2016,791670269479976960,Botnet #14,UDP flood,120,109.163.224.34/32,80
Thu Oct 27 15:12:53 +0000 2016,791658938295083008,Botnet #7,GRE-IP flood,15,185.11.145.10/32,80
Thu Oct 27 14:58:46 +0000 2016,791655383668588545,Botnet #7,UDPPLAIN flood,30,80.249.210.43/32,Not found.
Thu Oct 27 14:58:01 +0000 2016,791655194618716160,Botnet #7,STOMP flood,30,80.249.210.43/32,Not found.
Thu Oct 27 14:57:25 +0000 2016,791655042516389888,Botnet #7,GRE-IP flood,30,109.163.235.145/32,Not found.
Thu Oct 27 14:55:36 +0000 2016,791654587862249472,Botnet #7,GRE-ETH flood,30,80.249.210.43/32,Not found.
Thu Oct 27 14:54:53 +0000 2016,791654407612014592,Botnet #7,GRE-IP flood,30,80.249.210.43/32,Not found.
Thu Oct 27 14:51:49 +0000 2016,791653637202272256,Botnet #7,GRE-IP flood,1,94.23.122.78/32,Not found.
Thu Oct 27 14:50:38 +0000 2016,791653337527705600,Botnet #7,GRE-IP flood,60,94.23.122.78/32,Not found.
Thu Oct 27 14:49:40 +0000 2016,791653092269891586,Botnet #7,STOMP flood,30,94.23.122.78/32,Not found.
Thu Oct 27 14:30:46 +0000 2016,791648339372769282,Botnet #7,UDPPLAIN flood,15,51.254.164.164/32,80
Thu Oct 27 14:22:37 +0000 2016,791646288462901248,Botnet #7,STOMP flood,15,51.254.164.164/32,80
Thu Oct 27 14:22:11 +0000 2016,791646175833227264,Botnet #7,ACK flood,15,51.254.164.164/32,80
Thu Oct 27 14:21:35 +0000 2016,791646025408708608,Botnet #7,GRE-ETH flood,15,51.254.164.164/32,80
Thu Oct 27 14:18:50 +0000 2016,791645333206003712,Botnet #7,GRE-ETH flood,30,51.254.164.164/32,80
Thu Oct 27 14:18:08 +0000 2016,791645159859552256,Botnet #7,VSE flood,30,51.254.164.164/32,80
Thu Oct 27 14:16:03 +0000 2016,791644633415684096,Botnet #7,GRE-IP flood,30,"46.165.221.164/32
109.201.133.61/32
108.59.2.202/32
178.32.152.117/32",53
Thu Oct 27 14:11:51 +0000 2016,791643576178532354,Botnet #7,UDPPLAIN flood,30,"109.201.133.61/32
108.59.2.202/32
178.32.152.117/32
46.165.221.164/32",53
Thu Oct 27 14:11:07 +0000 2016,791643394648969216,Botnet #7,DNS flood,30,"46.165.221.164/32
109.201.133.61/32
108.59.2.202/32
178.32.152.117/32",53
Thu Oct 27 14:09:18 +0000 2016,791642934261219329,Botnet #7,UDPPLAIN flood,30,"46.165.221.164/32
109.201.133.61/32
108.59.2.202/32
178.32.152.117/32",53
Thu Oct 27 14:07:28 +0000 2016,791642473294602240,Botnet #7,STOMP flood,30,"109.201.133.61/32
108.59.2.202/32
178.32.152.117/32
46.165.221.164/32",53
Thu Oct 27 14:06:10 +0000 2016,791642145757200384,Botnet #7,GRE-IP flood,60,"178.32.152.117/32
46.165.221.164/32
109.201.133.61/32
108.59.2.202/32",53
Thu Oct 27 14:04:16 +0000 2016,791641666780327936,Botnet #7,GRE-IP flood,30,109.201.133.61/32,53
Thu Oct 27 14:03:15 +0000 2016,791641411330379776,Botnet #7,DNS flood,30,ns21​.cloudns​.net (109.201.133.61/32),53
Thu Oct 27 14:00:23 +0000 2016,791640692846104577,Botnet #7,HTTP flood,30,https://card-ok​.com (51.254.164.164/32),80
Thu Oct 27 13:58:55 +0000 2016,791640321104961536,Botnet #7,STOMP flood,30,51.254.164.164/32,Not found.
Thu Oct 27 13:58:21 +0000 2016,791640180990042114,Botnet #7,STOMP flood,30,51.254.164.164/32,80
Thu Oct 27 13:47:34 +0000 2016,791637467678044160,Botnet #7,GRE-IP flood,30,109.163.224.34/32,80
Thu Oct 27 13:40:16 +0000 2016,791635627599077376,Botnet #14,ACK flood,15,69.12.92.205/32,Not found.
Thu Oct 27 07:47:47 +0000 2016,791546923459182593,Botnet #14,ACK flood,10,69.12.92.205/32,6667
Thu Oct 27 07:41:51 +0000 2016,791545431805263872,Botnet #14,ACK flood,10,46.166.128.137/32,23
Thu Oct 27 07:38:15 +0000 2016,791544524363460608,Botnet #14,ACK flood,10,208.67.1.180/32,6667
Wed Oct 26 22:15:27 +0000 2016,791402891005362176,Botnet #7,STOMP flood,60,51.254.164.164/32,443
Wed Oct 26 22:15:27 +0000 2016,791402891005362176,Botnet #7,STOMP flood,60,51.254.164.164/32,443
Wed Oct 26 22:13:21 +0000 2016,791402361063374848,Botnet #7,HTTP flood,30,card-ok​.com (51.254.164.164/32),443
Wed Oct 26 22:11:34 +0000 2016,791401912667176960,Botnet #7,DNS flood,30,card-ok​.com (51.254.164.164/32),53
Wed Oct 26 22:10:34 +0000 2016,791401662468554756,Botnet #7,GRE-IP flood,30,51.254.164.164/32,443
Wed Oct 26 22:08:51 +0000 2016,791401229167517696,Botnet #7,STOMP flood,30,51.254.164.164/32,443
Wed Oct 26 22:07:23 +0000 2016,791400860991549441,Botnet #7,STOMP flood,60,51.254.164.164/32,80
Wed Oct 26 22:02:41 +0000 2016,791399678583705600,Botnet #7,STOMP flood,30,51.254.164.164/32,80
Wed Oct 26 20:27:33 +0000 2016,791375738737950721,Botnet #7,DNS flood,30,kurir​.rs (158.69.39.225/32),53
Wed Oct 26 20:24:44 +0000 2016,791375029804077056,Botnet #7,DNS flood,30,ns1​.paxhosting​.com (94.23.181.25/32),53
Wed Oct 26 20:24:08 +0000 2016,791374878880432128,Botnet #7,STOMP flood,30,94.23.181.25/32,80
Wed Oct 26 20:23:34 +0000 2016,791374733367443457,Botnet #7,GRE-IP flood,30,94.23.181.25/32,80
Wed Oct 26 20:19:58 +0000 2016,791373830317105152,Botnet #7,HTTP flood,30,184​.84​.240​.63 (184.84.240.63/32),80
Wed Oct 26 20:18:24 +0000 2016,791373433657581570,Botnet #7,HTTP flood,30,52​.4​.207​.99 (52.4.207.99/32),80
Wed Oct 26 20:01:58 +0000 2016,791369299067805700,Botnet #7,HTTP flood,60,ns1​.paxhosting​.com (94.23.181.25/32),80
Wed Oct 26 07:46:33 +0000 2016,791184224791433217,Botnet #14,UDP flood,120,109.163.224.34/32,80
Wed Oct 26 07:34:21 +0000 2016,791181154980360192,Botnet #14,ACK flood,120,109.163.224.34/32,80
Tue Oct 25 22:57:45 +0000 2016,791051148421689344,Botnet #13,SYN flood,120,"104.28.13.33/32
104.28.12.33/32",443
Tue Oct 25 22:35:37 +0000 2016,791045576897007621,Botnet #13,ACK flood,180,58.215.186.140/32,80
Tue Oct 25 22:26:42 +0000 2016,791043335398027264,Botnet #13,SYN flood,120,58.215.186.140/32,80
Tue Oct 25 21:30:14 +0000 2016,791029125821661184,Botnet #7,HTTP flood,60,"dasvps​.com (104.31.90.20/32)
dasvps​.com (104.31.91.20/32)",80
Tue Oct 25 21:28:27 +0000 2016,791028675265298432,Botnet #7,STOMP flood,30,185.62.189.123/32,80
Tue Oct 25 21:27:40 +0000 2016,791028476744699904,Botnet #7,GRE-IP flood,30,185.62.189.123/32,80
Tue Oct 25 21:20:21 +0000 2016,791026635919257600,Botnet #7,GRE-IP flood,30,213.251.182.113/32,80
Tue Oct 25 21:20:00 +0000 2016,791026547541114880,Botnet #7,GRE-IP flood,15,213.251.182.113/32,Not found.
Tue Oct 25 21:18:54 +0000 2016,791026273908916224,Botnet #7,HTTP flood,60,bronzeforum​.xyz (213.251.182.113/32),80
Tue Oct 25 21:02:53 +0000 2016,791022243480530945,Botnet #7,HTTP flood,60,athenalayer​.com (107.178.255.166/32),80
Tue Oct 25 20:58:41 +0000 2016,791021186012614657,Botnet #7,HTTP flood,30,twitch​.tv (50.112.196.159/32),80
Tue Oct 25 20:57:57 +0000 2016,791020998304858112,Botnet #7,GRE-IP flood,15,50.112.196.159/32,80
Tue Oct 25 20:54:54 +0000 2016,791020232399790081,Botnet #7,HTTP flood,30,"bronzeforum​.xyz (104.31.214.64/32)
bronzeforum​.xyz (104.31.215.64/32)",80
Tue Oct 25 20:48:15 +0000 2016,791018560214663169,Botnet #7,HTTP flood,15,184​.84​.240​.63 (184.84.240.63/32),80
Tue Oct 25 19:05:04 +0000 2016,790992591189868544,Botnet #7,DNS flood,60,zalando​.nl (130.211.9.113/32),80
Tue Oct 25 19:03:21 +0000 2016,790992160644620288,Botnet #7,HTTP flood,30,zalando​.nl (130.211.9.113/32),80
Tue Oct 25 19:02:20 +0000 2016,790991905710563329,Botnet #7,DNS flood,30,zalando​.nl (130.211.9.113/32),80
Tue Oct 25 19:01:49 +0000 2016,790991776039497730,Botnet #7,STOMP flood,15,130.211.9.113/32,80
Tue Oct 25 17:30:09 +0000 2016,790968707229085696,Botnet #7,GRE-IP flood,30,5.9.30.19/32,444
Tue Oct 25 17:29:08 +0000 2016,790968449228996608,Botnet #7,GRE-IP flood,30,176.9.16.170/32,444
Tue Oct 25 17:27:29 +0000 2016,790968034689245184,Botnet #7,HTTP flood,30,"slither​.io (104.20.23.135/32)
slither​.io (104.20.24.135/32)",80
Tue Oct 25 17:13:24 +0000 2016,790964489021747204,Botnet #7,VSE flood,30,5.254.66.55/32,21
Tue Oct 25 17:12:53 +0000 2016,790964360428523521,Botnet #7,GRE-IP flood,30,5.254.66.55/32,21
Tue Oct 25 17:12:14 +0000 2016,790964197198860288,Botnet #7,STOMP flood,30,5.254.66.55/32,21
Tue Oct 25 17:10:58 +0000 2016,790963877202817028,Botnet #7,VSE flood,30,185.30.165.9/32,80
Tue Oct 25 17:10:22 +0000 2016,790963728024043520,Botnet #7,DNS flood,30,hyperfilter​.com (185.30.165.9/32),80
Tue Oct 25 17:09:44 +0000 2016,790963568913027073,Botnet #7,STOMP flood,30,158.69.39.225/32,80
Tue Oct 25 17:08:35 +0000 2016,790963278042267649,Botnet #7,DNS flood,30,kurir​.rs (158.69.39.225/32),80
Tue Oct 25 16:54:34 +0000 2016,790959751207219200,Botnet #7,VSE flood,30,5.254.66.55/32,80
Tue Oct 25 16:44:31 +0000 2016,790957221186269184,Botnet #7,STOMP flood,300,5.254.66.55/32,80
Tue Oct 25 16:30:03 +0000 2016,790953580001894400,Botnet #7,UDPPLAIN flood,30,5.254.66.55/32,80
Tue Oct 25 16:28:43 +0000 2016,790953244038139904,Botnet #7,GRE-ETH flood,30,5.254.66.55/32,80
Tue Oct 25 16:27:48 +0000 2016,790953016035840000,Botnet #7,GRE-IP flood,30,5.254.66.55/32,80
Tue Oct 25 16:27:11 +0000 2016,790952857948282881,Botnet #7,STOMP flood,30,5.254.66.55/32,Not found.
Tue Oct 25 16:20:45 +0000 2016,790951239433486336,Botnet #7,STOMP flood,120,5.254.66.55/32,80
Tue Oct 25 16:16:10 +0000 2016,790950088906575872,Botnet #7,ACK flood,30,5.254.66.55/32,80
Tue Oct 25 16:13:02 +0000 2016,790949297202294784,Botnet #7,STOMP flood,180,5.254.66.55/32,80
Tue Oct 25 16:12:13 +0000 2016,790949092209876992,Botnet #7,STOMP flood,30,5.254.66.55/32,80
Tue Oct 25 16:09:52 +0000 2016,790948500917915648,Botnet #7,ACK flood,30,5.254.66.55/32,Not found.
Tue Oct 25 16:08:57 +0000 2016,790948269555941376,Botnet #7,SYN flood,30,5.254.66.55/32,Not found.
Tue Oct 25 16:05:33 +0000 2016,790947414270238720,Botnet #7,GRE-ETH flood,180,5.254.66.55/32,Not found.
Tue Oct 25 16:05:06 +0000 2016,790947300378046465,Botnet #7,GRE-ETH flood,15,5.254.66.55/32,Not found.
Tue Oct 25 15:45:39 +0000 2016,790942408653541376,Botnet #7,GRE-IP flood,180,5.254.66.55/32,Not found.
Tue Oct 25 13:19:33 +0000 2016,790905639161692160,Botnet #7,HTTP flood,60,m​.footlocker​.com (23.214.171.102/32),80
Tue Oct 25 12:13:41 +0000 2016,790889062982938632,Botnet #13,ACK flood,134,"186.2.167.0/24
186.2.167.14/32",443
Tue Oct 25 11:33:25 +0000 2016,790878930878234624,Botnet #13,SYN flood,134,186.2.167.14/32,443
Tue Oct 25 11:19:58 +0000 2016,790875545458372608,Botnet #13,ACK flood,134,186.2.167.14/32,443
Tue Oct 25 11:03:05 +0000 2016,790871295193931776,Botnet #14,UDP flood,10,83.47.100.247/32,Not found.
Tue Oct 25 10:43:45 +0000 2016,790866430505914368,Botnet #14,UDP flood,10,27.221.50.122/32,Not found.
Tue Oct 25 00:30:38 +0000 2016,790712137358381056,Botnet #13,ACK flood,60,211.152.36.161/32,443
Tue Oct 25 00:29:32 +0000 2016,790711856822423553,Botnet #13,SYN flood,30,211.152.36.161/32,33
Tue Oct 25 00:23:27 +0000 2016,790710326664757249,Botnet #13,SYN flood,120,58.215.186.140/32,443
Mon Oct 24 20:32:32 +0000 2016,790652217137258496,Botnet #14,ACK flood,120,109.163.224.34/32,80
Mon Oct 24 19:37:58 +0000 2016,790638484625223680,Botnet #14,ACK flood,120,109.163.224.34/32,Not found.
Mon Oct 24 19:16:27 +0000 2016,790633069480927232,Botnet #14,UDP flood,120,109.163.224.34/32,80
Mon Oct 24 14:05:15 +0000 2016,790554752723681280,Botnet #1,UDP flood,15,208.43.97.55/32,Not found.
Mon Oct 24 14:04:14 +0000 2016,790554497294753793,Botnet #1,HTTP flood,60,208[.]43[.]97[.]55 (208.43.97.55/32),Not found.
Mon Oct 24 12:01:23 +0000 2016,790523582006702080,Botnet #7,UDPPLAIN flood,60,5.254.66.55/32,80
Mon Oct 24 11:52:36 +0000 2016,790521369758953472,Botnet #7,GRE-ETH flood,300,5.254.66.55/32,80
Mon Oct 24 11:50:01 +0000 2016,790520720098983936,Botnet #7,GRE-ETH flood,60,5.254.66.55/32,80
Mon Oct 24 11:47:52 +0000 2016,790520179314847744,Botnet #7,HTTP flood,60,5[.]254[.]66[.]55 (5.254.66.55/32),80
Mon Oct 24 10:47:34 +0000 2016,790505004734017536,Botnet #7,GRE-IP flood,60,195.154.154.71/32,80
Mon Oct 24 09:36:45 +0000 2016,790487184130379776,Botnet #7,VSE flood,180,149.56.242.146/32,27015
Mon Oct 24 09:34:31 +0000 2016,790486619241451521,Botnet #7,VSE flood,60,149.56.242.146/32,27015
Mon Oct 24 09:31:26 +0000 2016,790485845811818497,Botnet #7,VSE flood,30,149.56.242.146/32,27015
Mon Oct 24 09:30:57 +0000 2016,790485722620887040,Botnet #7,VSE flood,2,149.56.242.146/32,Not found.
Mon Oct 24 09:27:03 +0000 2016,790484740163993600,Botnet #7,GRE-IP flood,60,149.56.242.146/32,27015
Mon Oct 24 04:08:43 +0000 2016,790404631365029888,Botnet #2,UDPPLAIN flood,30,50.106.218.106/32,53
Mon Oct 24 03:58:46 +0000 2016,790402124970651649,Botnet #2,UDPPLAIN flood,30,216.52.148.145/32,22
Mon Oct 24 03:58:04 +0000 2016,790401951041282048,Botnet #2,SYN flood,30,216.52.148.145/32,22
Mon Oct 24 03:05:44 +0000 2016,790388780628934656,Botnet #2,UDP flood,30,89.163.224.30/32,80
Mon Oct 24 03:04:41 +0000 2016,790388514781294593,Botnet #2,SYN flood,60,89.163.224.30/32,23
Mon Oct 24 01:34:42 +0000 2016,790365869721477120,Botnet #2,HTTP flood,30,rain-apparel[.]com (23.227.38.32/32),Not found.
Mon Oct 24 00:00:40 +0000 2016,790342205068218368,Botnet #13,SYN flood,200,58.215.186.140/32,443
Sun Oct 23 22:59:37 +0000 2016,790326844709040128,Botnet #2,UDP flood,60,75.140.208.247/32,80
Sun Oct 23 22:48:07 +0000 2016,790323950261825536,Botnet #2,UDP flood,60,174.130.222.255/32,80
Sun Oct 23 22:29:55 +0000 2016,790319366315409409,Botnet #2,UDP flood,30,172.88.53.233/32,80
Sun Oct 23 22:17:37 +0000 2016,790316271610925056,Botnet #2,UDP flood,30,174.130.222.255/32,80
Sun Oct 23 22:04:33 +0000 2016,790312984744779776,Botnet #1,UDP flood,20,172.106.0.0/16,53
Sun Oct 23 21:53:55 +0000 2016,790310310561386497,Botnet #7,GRE-IP flood,7200,5.254.66.55/32,Not found.
Sun Oct 23 21:53:30 +0000 2016,790310204604870656,Botnet #7,GRE-IP flood,15,5.254.66.55/32,Not found.
Sun Oct 23 21:49:38 +0000 2016,790309232491003904,Botnet #7,STOMP flood,30,37.59.230.35/32,80
Sun Oct 23 21:43:37 +0000 2016,790307716912836608,Botnet #7,HTTP flood,60,30nama[.]link/?s=random+string (37.59.230.35/32),80
Sun Oct 23 21:28:30 +0000 2016,790303912515559424,Botnet #1,ACK flood,45,172.106.8.146/32,20003
Sun Oct 23 21:27:50 +0000 2016,790303743069786112,Botnet #1,ACK flood,10,172.106.8.146/32,20003
Sun Oct 23 21:25:59 +0000 2016,790303280526159872,Botnet #1,UDP flood,20,172.106.8.146/32,53
Sun Oct 23 21:24:50 +0000 2016,790302990343233540,Botnet #1,ACK flood,10,172.106.8.146/32,20002
Sun Oct 23 21:21:50 +0000 2016,790302234940731392,Botnet #1,ACK flood,45,172.106.8.146/32,20002
Sun Oct 23 21:13:15 +0000 2016,790300076220542976,Botnet #1,ACK flood,45,"172.106.8.66/32
172.106.8.130/32",20000
Sun Oct 23 21:02:26 +0000 2016,790297350610808833,Botnet #7,HTTP flood,30,30nama[.]link/?s=random+string (37.59.230.35/32),80
Sun Oct 23 20:52:56 +0000 2016,790294962017558529,Botnet #1,ACK flood,45,172.106.8.146,Not found.
Sun Oct 23 20:32:23 +0000 2016,790289791443165184,Botnet #7,HTTP flood,1800,"https://t.co/9vxv8ZUowT (104.27.167.189/32)
https://t.co/9vxv8ZUowT (104.27.166.189/32)",Not found.
Sun Oct 23 19:55:53 +0000 2016,790280605061750785,Botnet #1,HTTP flood,30,https://t.co/WyCTMKNZR1 (104.20.21.18/32),Not found.
Sun Oct 23 19:15:52 +0000 2016,790270535204741121,Botnet #1,SYN flood,15,190.115.22.197/32,2106
Sun Oct 23 19:04:06 +0000 2016,790267573367635968,Botnet #1,UDP flood,30,185.71.66.25/32,Not found.
Sun Oct 23 17:42:32 +0000 2016,790247047366635520,Botnet #13,SYN flood,60,198.54.121.112/32,Not found.
Sun Oct 23 17:23:56 +0000 2016,790242366967914496,Botnet #1,UDP flood,30,51.254.13.35/32,Not found.
Sun Oct 23 16:41:02 +0000 2016,790231569130721281,Botnet #1,SYN flood,10,195.154.154.71/32,Not found.
Sun Oct 23 16:34:46 +0000 2016,790229989862039552,Botnet #1,HTTP flood,180,195.154.154.71/32,Not found.
Sun Oct 23 16:17:32 +0000 2016,790225656747532288,Botnet #1,HTTP flood,60,195.154.154.71/32,Not found.
Sun Oct 23 15:38:39 +0000 2016,790215869901205504,Botnet #7,HTTP flood,30,37.59.230.35/32,Not found.
Sun Oct 23 15:38:07 +0000 2016,790215735184326656,Botnet #7,GRE-ETH flood,30,37.59.230.35/32,Not found.
Sun Oct 23 15:37:44 +0000 2016,790215637960368128,Botnet #7,GRE-IP flood,15,37.59.230.35/32,Not found.
Sun Oct 23 15:22:57 +0000 2016,790211920397819906,Botnet #7,HTTP flood,60,"104.27.167.189/32
104.27.166.189/32",Not found.
Sun Oct 23 15:07:33 +0000 2016,790208041190817792,Botnet #1,UDP flood,15,192.223.31.148/32,Not found.
Sun Oct 23 10:29:10 +0000 2016,790137986885320704,Botnet #1,ACK flood,20,172.106.8.146/32,Not found.
Sat Oct 22 21:42:16 +0000 2016,789944990592012288,Botnet #1,HTTP flood,20,89.163.220.12/32,Not found.
Sat Oct 22 21:37:28 +0000 2016,789943781386752000,Botnet #1,HTTP flood,20,46.166.187.120/32,Not found.
Sat Oct 22 20:30:49 +0000 2016,789927009405272064,Botnet #1,UDP flood,20,141.8.224.221/32,Not found.
Sat Oct 22 20:29:34 +0000 2016,789926693209341952,Botnet #1,UDP flood,20,89.163.224.30/32,Not found.
Sat Oct 22 20:28:30 +0000 2016,789926426321518593,Botnet #1,UDP flood,30,3.158.200.124/32,Not found.
Sat Oct 22 20:28:30 +0000 2016,789926426321518593,Botnet #1,UDP flood,30,3.158.200.124/32,Not found.
